"Longitude (x)","Latitude (y)","Station Name","Climate ID","Date/Time","Year","Month","Day","Data Quality","Max Temp (°C)","Max Temp Flag","Min Temp (°C)","Min Temp Flag","Mean Temp (°C)","Mean Temp Flag","Heat Deg Days (°C)","Heat Deg Days Flag","Cool Deg Days (°C)","Cool Deg Days Flag","Total Rain (mm)","Total Rain Flag","Total Snow (cm)","Total Snow Flag","Total Precip (mm)","Total Precip Flag","Snow on Grnd (cm)","Snow on Grnd Flag","Dir of Max Gust (10s deg)","Dir of Max Gust Flag","Spd of Max Gust (km/h)","Spd of Max Gust Flag"
"-60.42","53.32","GOOSE A","8501900","1992-01-01","1992","01","01","","-13.9","","-19.7","","-16.8","","34.8","","0.0","","0.0","","0.0","","0.0","","34","","26","","37",""
"-60.42","53.32","GOOSE A","8501900","1992-01-02","1992","01","02","","-11.3","","-20.3","","-15.8","","33.8","","0.0","","0.0","","0.0","T","0.0","T","34","","26","","35",""
"-60.42","53.32","GOOSE A","8501900","1992-01-03","1992","01","03","","-2.1","","-15.0","","-8.6","","26.6","","0.0","","0.0","","0.0","","0.0","","34","","25","","48",""
"-60.42","53.32","GOOSE A","8501900","1992-01-04","1992","01","04","","-0.9","","-7.6","","-4.3","","22.3","","0.0","","0.0","","0.0","","0.0","","33","","26","","33",""
"-60.42","53.32","GOOSE A","8501900","1992-01-05","1992","01","05","","1.0","","-5.4","","-2.2","","20.2","","0.0","","0.0","T","0.4","","0.4","","32","","","","<31",""
"-60.42","53.32","GOOSE A","8501900","1992-01-06","1992","01","06","","1.8","","-3.7","","-1.0","","19.0","","0.0","","2.8","","3.0","","5.4","","30","","3","","33",""
"-60.42","53.32","GOOSE A","8501900","1992-01-07","1992","01","07","","3.4","","-8.6","","-2.6","","20.6","","0.0","","1.4","","2.4","","2.6","","27","","36","","48",""
"-60.42","53.32","GOOSE A","8501900","1992-01-08","1992","01","08","","-8.1","","-20.0","","-14.1","","32.1","","0.0","","0.0","","0.6","","0.6","","28","","3","","39",""
"-60.42","53.32","GOOSE A","8501900","1992-01-09","1992","01","09","","-15.3","","-22.8","","-19.1","","37.1","","0.0","","0.0","","0.0","","0.0","","28","","25","","33",""
"-60.42","53.32","GOOSE A","8501900","1992-01-10","1992","01","10","","-11.8","","-22.2","","-17.0","","35.0","","0.0","","0.0","","2.0","","0.8","","28","","","","<31",""
"-60.42","53.32","GOOSE A","8501900","1992-01-11","1992","01","11","","-8.2","","-15.1","","-11.7","","29.7","","0.0","","0.0","","12.2","","5.0","","33","","","","<31",""
"-60.42","53.32","GOOSE A","8501900","1992-01-12","1992","01","12","","-14.5","","-25.1","","-19.8","","37.8","","0.0","","0.0","","2.8","","1.0","","41","","","","<31",""
"-60.42","53.32","GOOSE A","8501900","1992-01-13","1992","01","13","","-20.1","","-29.1","","-24.6","","42.6","","0.0","","0.0","","0.8","","0.2","","41","","","","<31",""
"-60.42","53.32","GOOSE A","8501900","1992-01-14","1992","01","14","","-15.8","","-24.4","","-20.1","","38.1","","0.0","","0.0","","0.0","T","0.0","T","42","","","","<31",""
"-60.42","53.32","GOOSE A","8501900","1992-01-15","1992","01","15","","-1.0","","-15.8","","-8.4","","26.4","","0.0","","0.0","T","3.6","","2.8","","42","","","","<31",""
"-60.42","53.32","GOOSE A","8501900","1992-01-16","1992","01","16","","-1.6","","-22.1","","-11.9","","29.9","","0.0","","0.0","","4.3","","3.3","","44","","23","","46",""
"-60.42","53.32","GOOSE A","8501900","1992-01-17","1992","01","17","","-21.3","","-25.9","","-23.6","","41.6","","0.0","","0.0","","1.3","","0.7","","48","","25","","56",""
"-60.42","53.32","GOOSE A","8501900","1992-01-18","1992","01","18","","-17.6","","-26.9","","-22.3","","40.3","","0.0","","0.0","","0.2","","0.2","","49","","25","","50",""
"-60.42","53.32","GOOSE A","8501900","1992-01-19","1992","01","19","","-24.2","","-28.3","","-26.3","","44.3","","0.0","","0.0","","0.6","","0.6","","48","","28","","48",""
"-60.42","53.32","GOOSE A","8501900","1992-01-20","1992","01","20","","-23.4","","-27.8","","-25.6","","43.6","","0.0","","0.0","","0.0","T","0.0","T","47","","26","","44",""
"-60.42","53.32","GOOSE A","8501900","1992-01-21","1992","01","21","","-22.2","","-28.7","","-25.5","","43.5","","0.0","","0.0","","0.0","T","0.0","T","46","","27","","39",""
"-60.42","53.32","GOOSE A","8501900","1992-01-22","1992","01","22","","-22.0","","-29.6","","-25.8","","43.8","","0.0","","0.0","","0.2","","0.2","","45","","26","","35",""
"-60.42","53.32","GOOSE A","8501900","1992-01-23","1992","01","23","","-5.5","","-25.6","","-15.6","","33.6","","0.0","","0.0","","0.0","T","0.0","T","45","","21","","43",""
"-60.42","53.32","GOOSE A","8501900","1992-01-24","1992","01","24","","3.6","","-10.7","","-3.6","","21.6","","0.0","","0.8","","10.2","","9.9","","42","","20","","37",""
"-60.42","53.32","GOOSE A","8501900","1992-01-25","1992","01","25","","-10.3","","-30.2","","-20.3","","38.3","","0.0","","0.0","","7.3","","5.3","","49","","36","","41",""
"-60.42","53.32","GOOSE A","8501900","1992-01-26","1992","01","26","","-26.5","","-32.5","","-29.5","","47.5","","0.0","","0.0","","0.0","","0.0","","48","","26","","35",""
"-60.42","53.32","GOOSE A","8501900","1992-01-27","1992","01","27","","-24.9","","-34.2","","-29.6","","47.6","","0.0","","0.0","","0.0","T","0.0","T","47","","","","<31",""
"-60.42","53.32","GOOSE A","8501900","1992-01-28","1992","01","28","","-15.0","","-30.5","","-22.8","","40.8","","0.0","","0.0","","0.0","T","0.0","T","47","","25","","43",""
"-60.42","53.32","GOOSE A","8501900","1992-01-29","1992","01","29","","-8.1","","-22.6","","-15.4","","33.4","","0.0","","0.0","","0.0","T","0.0","T","45","","28","","32",""
"-60.42","53.32","GOOSE A","8501900","1992-01-30","1992","01","30","","-19.6","","-27.9","","-23.8","","41.8","","0.0","","0.0","","0.0","","0.0","","44","","28","","39",""
"-60.42","53.32","GOOSE A","8501900","1992-01-31","1992","01","31","","-22.3","","-32.0","","-27.2","","45.2","","0.0","","0.0","","0.0","","0.0","","42","","","","<31",""
"-60.42","53.32","GOOSE A","8501900","1992-02-01","1992","02","01","","-24.0","","-34.5","","-29.3","","47.3","","0.0","","0.0","","0.0","","0.0","","41","","","","<31",""
"-60.42","53.32","GOOSE A","8501900","1992-02-02","1992","02","02","","-11.6","","-33.0","","-22.3","","40.3","","0.0","","0.0","T","1.6","","0.4","","40","","","","<31",""
"-60.42","53.32","GOOSE A","8501900","1992-02-03","1992","02","03","","-7.9","","-14.2","","-11.1","","29.1","","0.0","","0.0","T","0.0","T","0.0","T","41","","35","","41",""
"-60.42","53.32","GOOSE A","8501900","1992-02-04","1992","02","04","","-13.5","","-22.2","","-17.9","","35.9","","0.0","","0.0","","1.3","","0.7","","41","","36","","35",""
"-60.42","53.32","GOOSE A","8501900","1992-02-05","1992","02","05","","-18.3","","-28.6","","-23.5","","41.5","","0.0","","0.0","","0.0","","0.0","","42","","","","<31",""
"-60.42","53.32","GOOSE A","8501900","1992-02-06","1992","02","06","","-20.4","","-30.6","","-25.5","","43.5","","0.0","","0.0","","0.0","","0.0","","42","","","","<31",""
"-60.42","53.32","GOOSE A","8501900","1992-02-07","1992","02","07","","-17.1","","-32.1","","-24.6","","42.6","","0.0","","0.0","","0.0","","0.0","","41","","","","<31",""
"-60.42","53.32","GOOSE A","8501900","1992-02-08","1992","02","08","","-18.9","","-29.1","","-24.0","","42.0","","0.0","","0.0","","0.0","","0.0","","40","","","","<31",""
"-60.42","53.32","GOOSE A","8501900","1992-02-09","1992","02","09","","-12.9","","-23.4","","-18.2","","36.2","","0.0","","0.0","","2.4","","2.3","","39","","","","<31",""
"-60.42","53.32","GOOSE A","8501900","1992-02-10","1992","02","10","","-16.9","","-26.2","","-21.6","","39.6","","0.0","","0.0","","1.0","","0.4","","42","","33","","46",""
"-60.42","53.32","GOOSE A","8501900","1992-02-11","1992","02","11","","-14.8","","-28.9","","-21.9","","39.9","","0.0","","0.0","","2.2","","1.8","","41","","","","<31",""
"-60.42","53.32","GOOSE A","8501900","1992-02-12","1992","02","12","","-19.8","","-30.4","","-25.1","","43.1","","0.0","","0.0","","0.0","T","0.0","T","42","","27","","39",""
"-60.42","53.32","GOOSE A","8501900","1992-02-13","1992","02","13","","-14.4","","-30.5","","-22.5","","40.5","","0.0","","0.0","","0.0","T","0.0","T","40","","26","","35",""
"-60.42","53.32","GOOSE A","8501900","1992-02-14","1992","02","14","","-16.9","","-32.1","","-24.5","","42.5","","0.0","","0.0","","0.0","","0.0","","40","","30","","33",""
"-60.42","53.32","GOOSE A","8501900","1992-02-15","1992","02","15","","-22.6","","-33.8","","-28.2","","46.2","","0.0","","0.0","","0.0","","0.0","","40","","28","","48",""
"-60.42","53.32","GOOSE A","8501900","1992-02-16","1992","02","16","","-14.5","","-32.9","","-23.7","","41.7","","0.0","","0.0","","2.4","","2.4","","40","","","","<31",""
"-60.42","53.32","GOOSE A","8501900","1992-02-17","1992","02","17","","-7.1","","-22.3","","-14.7","","32.7","","0.0","","0.0","","0.8","","0.8","","43","","31","","46",""
"-60.42","53.32","GOOSE A","8501900","1992-02-18","1992","02","18","","-14.1","","-24.7","","-19.4","","37.4","","0.0","","0.0","","0.0","","0.0","","42","","28","","52",""
"-60.42","53.32","GOOSE A","8501900","1992-02-19","1992","02","19","","-16.6","","-28.3","","-22.5","","40.5","","0.0","","0.0","","0.0","","0.0","","40","","32","","44",""
"-60.42","53.32","GOOSE A","8501900","1992-02-20","1992","02","20","","-15.9","","-27.7","","-21.8","","39.8","","0.0","","0.0","","6.6","","4.6","","43","","","","<31",""
"-60.42","53.32","GOOSE A","8501900","1992-02-21","1992","02","21","","-19.1","","-30.4","","-24.8","","42.8","","0.0","","0.0","","0.0","","0.0","","46","","28","","33",""
"-60.42","53.32","GOOSE A","8501900","1992-02-22","1992","02","22","","-18.2","","-31.6","","-24.9","","42.9","","0.0","","0.0","","0.0","","0.0","","46","","26","","37",""
"-60.42","53.32","GOOSE A","8501900","1992-02-23","1992","02","23","","-14.2","","-25.3","","-19.8","","37.8","","0.0","","0.0","","0.0","T","0.0","T","45","","30","","43",""
"-60.42","53.32","GOOSE A","8501900","1992-02-24","1992","02","24","","-19.8","","-27.6","","-23.7","","41.7","","0.0","","0.0","","0.0","","0.0","","44","","29","","41",""
"-60.42","53.32","GOOSE A","8501900","1992-02-25","1992","02","25","","-14.4","","-27.3","","-20.9","","38.9","","0.0","","0.0","","0.0","","0.0","","44","","27","","37",""
"-60.42","53.32","GOOSE A","8501900","1992-02-26","1992","02","26","","-9.7","","-21.5","","-15.6","","33.6","","0.0","","0.0","","0.4","","0.4","","44","","","","<31",""
"-60.42","53.32","GOOSE A","8501900","1992-02-27","1992","02","27","","-6.4","","-21.3","","-13.9","","31.9","","0.0","","0.0","","0.0","T","0.0","T","44","","","","<31",""
"-60.42","53.32","GOOSE A","8501900","1992-02-28","1992","02","28","","-9.6","","-24.3","","-17.0","","35.0","","0.0","","0.0","","5.5","","2.8","","45","","32","","56",""
"-60.42","53.32","GOOSE A","8501900","1992-02-29","1992","02","29","","-19.1","","-28.9","","-24.0","","42.0","","0.0","","0.0","","1.0","","0.6","","49","","35","","37",""
"-60.42","53.32","GOOSE A","8501900","1992-03-01","1992","03","01","","-20.8","","-27.8","","-24.3","","42.3","","0.0","","0.0","","2.6","","2.0","","50","","28","","76",""
"-60.42","53.32","GOOSE A","8501900","1992-03-02","1992","03","02","","-13.8","","-24.1","","-19.0","","37.0","","0.0","","0.0","","16.2","","11.8","","57","","28","","69",""
"-60.42","53.32","GOOSE A","8501900","1992-03-03","1992","03","03","","-11.8","","-18.3","","-15.1","","33.1","","0.0","","0.0","","1.0","","0.8","","67","","31","","63",""
"-60.42","53.32","GOOSE A","8501900","1992-03-04","1992","03","04","","-7.5","","-17.7","","-12.6","","30.6","","0.0","","0.0","","0.0","T","0.0","T","65","","27","","41",""
"-60.42","53.32","GOOSE A","8501900","1992-03-05","1992","03","05","","-3.3","","-19.0","","-11.2","","29.2","","0.0","","0.0","","2.7","","1.8","","62","","30","","67",""
"-60.42","53.32","GOOSE A","8501900","1992-03-06","1992","03","06","","-10.5","","-20.3","","-15.4","","33.4","","0.0","","0.0","","0.0","","0.0","","64","","30","","37",""
"-60.42","53.32","GOOSE A","8501900","1992-03-07","1992","03","07","","-0.4","","-14.5","","-7.5","","25.5","","0.0","","0.0","","0.0","","0.0","","63","","31","","52",""
"-60.42","53.32","GOOSE A","8501900","1992-03-08","1992","03","08","","-10.1","","-22.2","","-16.2","","34.2","","0.0","","0.0","","0.0","","0.0","","56","","","","<31",""
"-60.42","53.32","GOOSE A","8501900","1992-03-09","1992","03","09","","-9.4","","-24.0","","-16.7","","34.7","","0.0","","0.0","","0.0","","0.0","","56","","","","<31",""
"-60.42","53.32","GOOSE A","8501900","1992-03-10","1992","03","10","","2.6","","-17.8","","-7.6","","25.6","","0.0","","0.4","","1.2","","1.6","","55","","","","<31",""
"-60.42","53.32","GOOSE A","8501900","1992-03-11","1992","03","11","","6.2","","-0.3","","3.0","","15.0","","0.0","","1.0","","0.2","","1.2","","52","","","","<31",""
"-60.42","53.32","GOOSE A","8501900","1992-03-12","1992","03","12","","2.6","","-2.6","","0.0","","18.0","","0.0","","6.8","","0.0","T","6.8","","47","","21","","39",""
"-60.42","53.32","GOOSE A","8501900","1992-03-13","1992","03","13","","0.1","","-5.8","","-2.9","","20.9","","0.0","","0.0","","0.0","T","0.0","T","45","","21","","44",""
"-60.42","53.32","GOOSE A","8501900","1992-03-14","1992","03","14","","-3.2","","-12.2","","-7.7","","25.7","","0.0","","0.0","","7.6","","4.9","","47","","6","","35",""
"-60.42","53.32","GOOSE A","8501900","1992-03-15","1992","03","15","","-9.5","","-16.1","","-12.8","","30.8","","0.0","","0.0","","0.5","","0.4","","53","","","","<31",""
"-60.42","53.32","GOOSE A","8501900","1992-03-16","1992","03","16","","-8.1","","-19.6","","-13.9","","31.9","","0.0","","0.0","","0.0","T","0.0","T","53","","","","<31",""
"-60.42","53.32","GOOSE A","8501900","1992-03-17","1992","03","17","","-3.8","","-21.5","","-12.7","","30.7","","0.0","","0.0","","0.0","T","0.0","T","53","","22","","33",""
"-60.42","53.32","GOOSE A","8501900","1992-03-18","1992","03","18","","-6.1","","-20.1","","-13.1","","31.1","","0.0","","0.0","","2.6","","1.6","","52","","28","","48",""
"-60.42","53.32","GOOSE A","8501900","1992-03-19","1992","03","19","","-11.9","","-21.5","","-16.7","","34.7","","0.0","","0.0","","0.6","","0.6","","54","","28","","39",""
"-60.42","53.32","GOOSE A","8501900","1992-03-20","1992","03","20","","-12.2","","-24.9","","-18.6","","36.6","","0.0","","0.0","","0.0","","0.0","","53","","","","<31",""
"-60.42","53.32","GOOSE A","8501900","1992-03-21","1992","03","21","","-9.0","","-23.6","","-16.3","","34.3","","0.0","","0.0","","0.0","","0.0","","51","","","","<31",""
"-60.42","53.32","GOOSE A","8501900","1992-03-22","1992","03","22","","-9.4","","-22.6","","-16.0","","34.0","","0.0","","0.0","","23.6","","22.4","","51","","2","","44",""
"-60.42","53.32","GOOSE A","8501900","1992-03-23","1992","03","23","","-5.8","","-14.1","","-10.0","","28.0","","0.0","","0.0","","10.8","","7.6","","77","","27","","61",""
"-60.42","53.32","GOOSE A","8501900","1992-03-24","1992","03","24","","-7.9","","-18.9","","-13.4","","31.4","","0.0","","0.0","","17.0","","10.6","","81","","5","","33",""
"-60.42","53.32","GOOSE A","8501900","1992-03-25","1992","03","25","","-5.3","","-14.3","","-9.8","","27.8","","0.0","","0.0","","6.6","","3.0","","99","","","","<31",""
"-60.42","53.32","GOOSE A","8501900","1992-03-26","1992","03","26","","-1.4","","-18.9","","-10.2","","28.2","","0.0","","0.0","","0.0","T","0.0","T","98","","","","<31",""
"-60.42","53.32","GOOSE A","8501900","1992-03-27","1992","03","27","","4.6","","-9.9","","-2.7","","20.7","","0.0","","0.0","T","0.0","T","0.0","T","93","","","","<31",""
"-60.42","53.32","GOOSE A","8501900","1992-03-28","1992","03","28","","5.7","","0.5","","3.1","","14.9","","0.0","","15.6","","0.0","","15.6","","83","","6","","52",""
"-60.42","53.32","GOOSE A","8501900","1992-03-29","1992","03","29","","1.3","","-0.1","","0.6","","17.4","","0.0","","7.4","","0.0","T","7.4","","46","","7","","48",""
"-60.42","53.32","GOOSE A","8501900","1992-03-30","1992","03","30","","2.0","","-2.2","","-0.1","","18.1","","0.0","","0.0","","3.6","","3.6","","40","","33","","46",""
"-60.42","53.32","GOOSE A","8501900","1992-03-31","1992","03","31","","-0.1","","-5.7","","-2.9","","20.9","","0.0","","0.0","T","2.6","","1.6","","44","","32","","48",""
"-60.42","53.32","GOOSE A","8501900","1992-04-01","1992","04","01","","-2.9","","-7.3","","-5.1","","23.1","","0.0","","0.0","","9.8","","5.4","","45","","7","","43",""
"-60.42","53.32","GOOSE A","8501900","1992-04-02","1992","04","02","","-0.4","","-4.6","","-2.5","","20.5","","0.0","","0.0","T","3.4","","1.8","","54","","","","<31",""
"-60.42","53.32","GOOSE A","8501900","1992-04-03","1992","04","03","","1.2","","-2.9","","-0.9","","18.9","","0.0","","0.2","","4.2","","4.0","","55","","6","","56",""
"-60.42","53.32","GOOSE A","8501900","1992-04-04","1992","04","04","","0.2","","-0.7","","-0.3","","18.3","","0.0","","0.0","","24.2","","18.0","","58","","5","","59",""
"-60.42","53.32","GOOSE A","8501900","1992-04-05","1992","04","05","","-0.3","","-7.5","","-3.9","","21.9","","0.0","","0.0","","16.2","","11.8","","80","","","","<31",""
"-60.42","53.32","GOOSE A","8501900","1992-04-06","1992","04","06","","-3.8","","-10.3","","-7.1","","25.1","","0.0","","0.0","","0.8","","0.2","","90","","","","<31",""
"-60.42","53.32","GOOSE A","8501900","1992-04-07","1992","04","07","","-4.6","","-12.7","","-8.7","","26.7","","0.0","","0.0","","0.4","","0.2","","91","","","","<31",""
"-60.42","53.32","GOOSE A","8501900","1992-04-08","1992","04","08","","-0.1","","-12.7","","-6.4","","24.4","","0.0","","0.0","","0.3","","0.2","","87","","","","<31",""
"-60.42","53.32","GOOSE A","8501900","1992-04-09","1992","04","09","","0.2","","-11.2","","-5.5","","23.5","","0.0","","0.0","","0.0","T","0.0","T","85","","28","","35",""
"-60.42","53.32","GOOSE A","8501900","1992-04-10","1992","04","10","","1.6","","-13.7","","-6.1","","24.1","","0.0","","0.0","T","3.0","","3.0","","81","","31","","50",""
"-60.42","53.32","GOOSE A","8501900","1992-04-11","1992","04","11","","-5.6","","-18.3","","-12.0","","30.0","","0.0","","0.0","","9.0","","6.0","","62","","33","","50",""
"-60.42","53.32","GOOSE A","8501900","1992-04-12","1992","04","12","","-6.0","","-21.6","","-13.8","","31.8","","0.0","","0.0","","3.4","","2.6","","65","","","","<31",""
"-60.42","53.32","GOOSE A","8501900","1992-04-13","1992","04","13","","-0.9","","-15.6","","-8.3","","26.3","","0.0","","0.0","","12.2","","11.0","","68","","28","","82",""
"-60.42","53.32","GOOSE A","8501900","1992-04-14","1992","04","14","","0.2","","-14.7","","-7.3","","25.3","","0.0","","0.0","","8.0","","6.4","","74","","27","","65",""
"-60.42","53.32","GOOSE A","8501900","1992-04-15","1992","04","15","","-1.9","","-9.6","","-5.8","","23.8","","0.0","","0.0","","0.0","T","0.0","T","76","","31","","46",""
"-60.42","53.32","GOOSE A","8501900","1992-04-16","1992","04","16","","-0.1","","-12.0","","-6.1","","24.1","","0.0","","0.0","","0.0","","0.0","","73","","","","<31",""
"-60.42","53.32","GOOSE A","8501900","1992-04-17","1992","04","17","","7.1","","-14.4","","-3.7","","21.7","","0.0","","0.0","","0.0","","0.0","","68","","","","<31",""
"-60.42","53.32","GOOSE A","8501900","1992-04-18","1992","04","18","","12.4","","-1.4","","5.5","","12.5","","0.0","","0.0","","0.0","","0.0","","55","","","","<31",""
"-60.42","53.32","GOOSE A","8501900","1992-04-19","1992","04","19","","10.7","","-6.0","","2.4","","15.6","","0.0","","0.0","","0.0","","0.0","","39","","16","","48",""
"-60.42","53.32","GOOSE A","8501900","1992-04-20","1992","04","20","","-0.6","","-8.5","","-4.6","","22.6","","0.0","","0.0","","4.4","","4.0","","31","","36","","33",""
"-60.42","53.32","GOOSE A","8501900","1992-04-21","1992","04","21","","1.0","","-12.7","","-5.9","","23.9","","0.0","","0.0","","0.0","","0.0","","31","","29","","41",""
"-60.42","53.32","GOOSE A","8501900","1992-04-22","1992","04","22","","-1.9","","-15.1","","-8.5","","26.5","","0.0","","0.0","","0.0","","0.0","","31","","28","","33",""
"-60.42","53.32","GOOSE A","8501900","1992-04-23","1992","04","23","","-0.4","","-16.0","","-8.2","","26.2","","0.0","","0.0","","0.0","","0.0","","30","","","","<31",""
"-60.42","53.32","GOOSE A","8501900","1992-04-24","1992","04","24","","2.1","","-13.1","","-5.5","","23.5","","0.0","","0.0","","0.0","","0.0","","25","","","","<31",""
"-60.42","53.32","GOOSE A","8501900","1992-04-25","1992","04","25","","4.2","","-7.4","","-1.6","","19.6","","0.0","","0.0","","0.0","","0.0","","24","","","","<31",""
"-60.42","53.32","GOOSE A","8501900","1992-04-26","1992","04","26","","2.0","","-9.4","","-3.7","","21.7","","0.0","","0.0","","0.0","","0.0","","22","","","","<31",""
"-60.42","53.32","GOOSE A","8501900","1992-04-27","1992","04","27","","0.5","","-1.0","","-0.3","","18.3","","0.0","","0.0","","0.0","","0.0","","20","","","","<31",""
"-60.42","53.32","GOOSE A","8501900","1992-04-28","1992","04","28","","8.3","","-12.2","","-2.0","","20.0","","0.0","","0.0","","0.0","","0.0","","14","","23","","39",""
"-60.42","53.32","GOOSE A","8501900","1992-04-29","1992","04","29","","12.7","","-0.7","","6.0","","12.0","","0.0","","0.0","","0.0","","0.0","","11","","26","","59",""
"-60.42","53.32","GOOSE A","8501900","1992-04-30","1992","04","30","","8.2","","-4.1","","2.1","","15.9","","0.0","","0.4","","3.0","","1.8","","9","","7","","35",""
"-60.42","53.32","GOOSE A","8501900","1992-05-01","1992","05","01","","0.4","","-6.9","","-3.3","","21.3","","0.0","","0.0","","15.0","","12.2","","16","","6","","44",""
"-60.42","53.32","GOOSE A","8501900","1992-05-02","1992","05","02","","-0.1","","-6.4","","-3.3","","21.3","","0.0","","0.0","","3.2","","1.9","","27","","","","<31",""
"-60.42","53.32","GOOSE A","8501900","1992-05-03","1992","05","03","","0.8","","-6.5","","-2.9","","20.9","","0.0","","0.0","","6.2","","5.2","","20","","6","","44",""
"-60.42","53.32","GOOSE A","8501900","1992-05-04","1992","05","04","","-0.5","","-6.4","","-3.5","","21.5","","0.0","","0.0","","2.2","","1.8","","24","","5","","41",""
"-60.42","53.32","GOOSE A","8501900","1992-05-05","1992","05","05","","2.9","","-7.4","","-2.3","","20.3","","0.0","","0.0","","0.2","","0.2","","19","","","","<31",""
"-60.42","53.32","GOOSE A","8501900","1992-05-06","1992","05","06","","6.7","","-9.3","","-1.3","","19.3","","0.0","","0.0","","0.0","","0.0","","15","","","","<31",""
"-60.42","53.32","GOOSE A","8501900","1992-05-07","1992","05","07","","12.0","","-6.2","","2.9","","15.1","","0.0","","0.0","T","0.0","","0.0","T","10","","24","","35",""
"-60.42","53.32","GOOSE A","8501900","1992-05-08","1992","05","08","","10.7","","0.7","","5.7","","12.3","","0.0","","0.0","T","0.0","","0.0","T","5","","","","<31",""
"-60.42","53.32","GOOSE A","8501900","1992-05-09","1992","05","09","","10.0","","0.5","","5.3","","12.7","","0.0","","0.2","","0.0","","0.2","","3","","30","","44",""
"-60.42","53.32","GOOSE A","8501900","1992-05-10","1992","05","10","","3.6","","-5.2","","-0.8","","18.8","","0.0","","0.0","","2.0","","2.0","","5","","","","<31",""
"-60.42","53.32","GOOSE A","8501900","1992-05-11","1992","05","11","","11.0","","-6.3","","2.4","","15.6","","0.0","","0.0","","0.0","","0.0","","3","","26","","37",""
"-60.42","53.32","GOOSE A","8501900","1992-05-12","1992","05","12","","12.5","","3.3","","7.9","","10.1","","0.0","","7.8","","0.0","","7.8","","2","","26","","33",""
"-60.42","53.32","GOOSE A","8501900","1992-05-13","1992","05","13","","23.8","","2.1","","13.0","","5.0","","0.0","","0.4","","0.0","","0.4","","0","T","","","<31",""
"-60.42","53.32","GOOSE A","8501900","1992-05-14","1992","05","14","","7.5","","-0.8","","3.4","","14.6","","0.0","","5.8","","0.2","","6.0","","0","T","","","<31",""
"-60.42","53.32","GOOSE A","8501900","1992-05-15","1992","05","15","","13.0","","-2.3","","5.4","","12.6","","0.0","","0.0","","0.0","","0.0","","0","T","27","","32",""
"-60.42","53.32","GOOSE A","8501900","1992-05-16","1992","05","16","","13.8","","-0.7","","6.6","","11.4","","0.0","","0.0","T","0.0","","0.0","T","0","T","25","","67",""
"-60.42","53.32","GOOSE A","8501900","1992-05-17","1992","05","17","","16.4","","1.7","","9.1","","8.9","","0.0","","0.4","","0.0","","0.4","","0","T","22","","67",""
"-60.42","53.32","GOOSE A","8501900","1992-05-18","1992","05","18","","8.5","","-2.4","","3.1","","14.9","","0.0","","7.2","","0.0","","7.2","","0","T","32","","44",""
"-60.42","53.32","GOOSE A","8501900","1992-05-19","1992","05","19","","8.2","","-3.9","","2.2","","15.8","","0.0","","0.0","","0.0","","0.0","","0","T","28","","48",""
"-60.42","53.32","GOOSE A","8501900","1992-05-20","1992","05","20","","9.3","","-4.3","","2.5","","15.5","","0.0","","0.0","","0.0","","0.0","","0","T","31","","32",""
"-60.42","53.32","GOOSE A","8501900","1992-05-21","1992","05","21","","10.4","","3.0","","6.7","","11.3","","0.0","","2.0","","0.0","","2.0","","0","T","","","<31",""
"-60.42","53.32","GOOSE A","8501900","1992-05-22","1992","05","22","","6.8","","-1.3","","2.8","","15.2","","0.0","","0.0","","0.4","","0.4","","0","T","34","","54",""
"-60.42","53.32","GOOSE A","8501900","1992-05-23","1992","05","23","","3.2","","-2.3","","0.5","","17.5","","0.0","","1.2","","18.9","","19.7","","5","","20","","44",""
"-60.42","53.32","GOOSE A","8501900","1992-05-24","1992","05","24","","5.6","","-2.0","","1.8","","16.2","","0.0","","0.0","","0.0","T","0.0","T","8","","27","","56",""
"-60.42","53.32","GOOSE A","8501900","1992-05-25","1992","05","25","","8.1","","-3.3","","2.4","","15.6","","0.0","","0.0","","0.0","","0.0","","1","","","","<31",""
"-60.42","53.32","GOOSE A","8501900","1992-05-26","1992","05","26","","15.7","","-5.0","","5.4","","12.6","","0.0","","0.0","","0.0","","0.0","","0","T","22","","37",""
"-60.42","53.32","GOOSE A","8501900","1992-05-27","1992","05","27","","9.9","","-2.3","","3.8","","14.2","","0.0","","0.0","","0.0","","0.0","","0","T","28","","35",""
"-60.42","53.32","GOOSE A","8501900","1992-05-28","1992","05","28","","16.0","","-3.5","","6.3","","11.7","","0.0","","1.3","","0.0","","1.3","","0","T","18","","43",""
"-60.42","53.32","GOOSE A","8501900","1992-05-29","1992","05","29","","7.2","","0.5","","3.9","","14.1","","0.0","","5.0","","0.0","","5.0","","0","T","28","","39",""
"-60.42","53.32","GOOSE A","8501900","1992-05-30","1992","05","30","","16.6","","-0.3","","8.2","","9.8","","0.0","","0.8","","0.0","","0.8","","0","T","","","<31",""
"-60.42","53.32","GOOSE A","8501900","1992-05-31","1992","05","31","","22.5","","4.0","","13.3","","4.7","","0.0","","1.0","","0.0","","1.0","","0","T","","","<31",""
"-60.42","53.32","GOOSE A","8501900","1992-06-01","1992","06","01","","17.1","","1.1","","9.1","","8.9","","0.0","","4.0","","0.0","","4.0","","0","T","","","<31",""
"-60.42","53.32","GOOSE A","8501900","1992-06-02","1992","06","02","","18.2","","-0.4","","8.9","","9.1","","0.0","","0.0","","0.0","","0.0","","0","T","","","<31",""
"-60.42","53.32","GOOSE A","8501900","1992-06-03","1992","06","03","","22.2","","-0.4","","10.9","","7.1","","0.0","","13.6","","2.0","","15.6","","0","","30","","52",""
"-60.42","53.32","GOOSE A","8501900","1992-06-04","1992","06","04","","3.0","","-1.0","","1.0","","17.0","","0.0","","0.0","","0.0","T","0.0","T","1","","","","<31",""
"-60.42","53.32","GOOSE A","8501900","1992-06-05","1992","06","05","","14.5","","0.4","","7.5","","10.5","","0.0","","0.0","","0.0","","0.0","","0","","26","","43",""
"-60.42","53.32","GOOSE A","8501900","1992-06-06","1992","06","06","","21.1","","-0.2","","10.5","","7.5","","0.0","","0.2","","0.0","","0.2","","0","","21","","33",""
"-60.42","53.32","GOOSE A","8501900","1992-06-07","1992","06","07","","15.7","","7.9","","11.8","","6.2","","0.0","","14.4","","0.0","","14.4","","0","","","","<31",""
"-60.42","53.32","GOOSE A","8501900","1992-06-08","1992","06","08","","9.2","","1.5","","5.4","","12.6","","0.0","","5.8","","0.0","","5.8","","0","","","","<31",""
"-60.42","53.32","GOOSE A","8501900","1992-06-09","1992","06","09","","4.0","","1.0","","2.5","","15.5","","0.0","","2.8","","0.0","T","2.8","","0","","6","","37",""
"-60.42","53.32","GOOSE A","8501900","1992-06-10","1992","06","10","","9.4","","-0.5","","4.5","","13.5","","0.0","","1.0","","0.0","T","1.0","","0","","","","<31",""
"-60.42","53.32","GOOSE A","8501900","1992-06-11","1992","06","11","","12.8","","-1.1","","5.9","","12.1","","0.0","","0.0","","0.0","","0.0","","0","","","","<31",""
"-60.42","53.32","GOOSE A","8501900","1992-06-12","1992","06","12","","12.4","","-1.9","","5.3","","12.7","","0.0","","0.0","","0.0","","0.0","","0","","","","<31",""
"-60.42","53.32","GOOSE A","8501900","1992-06-13","1992","06","13","","21.1","","7.8","","14.5","","3.5","","0.0","","2.4","","0.0","","2.4","","0","","22","","54",""
"-60.42","53.32","GOOSE A","8501900","1992-06-14","1992","06","14","","14.1","","4.0","","9.1","","8.9","","0.0","","0.8","","0.0","","0.8","","0","","27","","50",""
"-60.42","53.32","GOOSE A","8501900","1992-06-15","1992","06","15","","15.8","","2.6","","9.2","","8.8","","0.0","","0.0","","0.0","","0.0","","0","","25","","43",""
"-60.42","53.32","GOOSE A","8501900","1992-06-16","1992","06","16","","12.2","","2.5","","7.4","","10.6","","0.0","","0.0","","0.0","","0.0","","0","","26","","32",""
"-60.42","53.32","GOOSE A","8501900","1992-06-17","1992","06","17","","18.9","","2.1","","10.5","","7.5","","0.0","","0.0","","0.0","","0.0","","0","","30","","43",""
"-60.42","53.32","GOOSE A","8501900","1992-06-18","1992","06","18","","31.9","","4.8","","18.4","","0.0","","0.4","","0.0","","0.0","","0.0","","0","","22","","61",""
"-60.42","53.32","GOOSE A","8501900","1992-06-19","1992","06","19","","31.6","","14.6","","23.1","","0.0","","5.1","","0.0","","0.0","","0.0","","0","","18","","44",""
"-60.42","53.32","GOOSE A","8501900","1992-06-20","1992","06","20","","18.5","","4.2","","11.4","","6.6","","0.0","","0.0","T","0.0","","0.0","T","0","","8","","32",""
"-60.42","53.32","GOOSE A","8501900","1992-06-21","1992","06","21","","11.6","","3.2","","7.4","","10.6","","0.0","","0.2","","0.0","","0.2","","0","","","","<31",""
"-60.42","53.32","GOOSE A","8501900","1992-06-22","1992","06","22","","20.1","","5.8","","13.0","","5.0","","0.0","","0.0","T","0.0","","0.0","T","0","","","","<31",""
"-60.42","53.32","GOOSE A","8501900","1992-06-23","1992","06","23","","21.7","","8.8","","15.3","","2.7","","0.0","","0.0","","0.0","","0.0","","0","","","","<31",""
"-60.42","53.32","GOOSE A","8501900","1992-06-24","1992","06","24","","18.4","","11.4","","14.9","","3.1","","0.0","","3.4","","0.0","","3.4","","0","","","","<31",""
"-60.42","53.32","GOOSE A","8501900","1992-06-25","1992","06","25","","19.4","","10.0","","14.7","","3.3","","0.0","","0.2","","0.0","","0.2","","0","","","","<31",""
"-60.42","53.32","GOOSE A","8501900","1992-06-26","1992","06","26","","17.6","","8.1","","12.9","","5.1","","0.0","","2.6","","0.0","","2.6","","0","","","","<31",""
"-60.42","53.32","GOOSE A","8501900","1992-06-27","1992","06","27","","10.8","","6.8","","8.8","","9.2","","0.0","","6.7","","0.0","","6.7","","0","","6","","43",""
"-60.42","53.32","GOOSE A","8501900","1992-06-28","1992","06","28","","9.9","","6.2","","8.1","","9.9","","0.0","","1.0","","0.0","","1.0","","0","","6","","46",""
"-60.42","53.32","GOOSE A","8501900","1992-06-29","1992","06","29","","9.7","","2.4","","6.1","","11.9","","0.0","","0.0","T","0.0","","0.0","T","0","","6","","35",""
"-60.42","53.32","GOOSE A","8501900","1992-06-30","1992","06","30","","10.4","","5.0","","7.7","","10.3","","0.0","","0.0","","0.0","","0.0","","0","","5","","52",""
"-60.42","53.32","GOOSE A","8501900","1992-07-01","1992","07","01","","7.7","","2.0","","4.9","","13.1","","0.0","","14.0","","0.0","","14.0","","0","","17","","35",""
"-60.42","53.32","GOOSE A","8501900","1992-07-02","1992","07","02","","8.1","","2.8","","5.5","","12.5","","0.0","","9.3","","0.0","","9.3","","0","","5","","41",""
"-60.42","53.32","GOOSE A","8501900","1992-07-03","1992","07","03","","10.8","","2.5","","6.7","","11.3","","0.0","","0.3","","0.0","","0.3","","0","","3","","44",""
"-60.42","53.32","GOOSE A","8501900","1992-07-04","1992","07","04","","16.1","","2.0","","9.1","","8.9","","0.0","","0.0","","0.0","","0.0","","0","","","","<31",""
"-60.42","53.32","GOOSE A","8501900","1992-07-05","1992","07","05","","21.3","","6.0","","13.7","","4.3","","0.0","","0.0","","0.0","","0.0","","0","","","","<31",""
"-60.42","53.32","GOOSE A","8501900","1992-07-06","1992","07","06","","24.8","","8.0","","16.4","","1.6","","0.0","","0.0","","0.0","","0.0","","0","","","","<31",""
"-60.42","53.32","GOOSE A","8501900","1992-07-07","1992","07","07","","23.3","","9.8","","16.6","","1.4","","0.0","","0.0","T","0.0","","0.0","T","0","","14","","48",""
"-60.42","53.32","GOOSE A","8501900","1992-07-08","1992","07","08","","20.3","","7.7","","14.0","","4.0","","0.0","","0.0","","0.0","","0.0","","0","","","","<31",""
"-60.42","53.32","GOOSE A","8501900","1992-07-09","1992","07","09","","27.8","","6.2","","17.0","","1.0","","0.0","","0.0","","0.0","","0.0","","0","","","","<31",""
"-60.42","53.32","GOOSE A","8501900","1992-07-10","1992","07","10","","25.5","","11.2","","18.4","","0.0","","0.4","","0.0","T","0.0","","0.0","T","0","","","","<31",""
"-60.42","53.32","GOOSE A","8501900","1992-07-11","1992","07","11","","24.9","","6.3","","15.6","","2.4","","0.0","","5.6","","0.0","","5.6","","0","","28","","37",""
"-60.42","53.32","GOOSE A","8501900","1992-07-12","1992","07","12","","18.6","","4.2","","11.4","","6.6","","0.0","","0.0","","0.0","","0.0","","0","","9","","39",""
"-60.42","53.32","GOOSE A","8501900","1992-07-13","1992","07","13","","20.6","","9.5","","15.1","","2.9","","0.0","","0.0","","0.0","","0.0","","0","","","","<31",""
"-60.42","53.32","GOOSE A","8501900","1992-07-14","1992","07","14","","21.4","","7.8","","14.6","","3.4","","0.0","","0.0","T","0.0","","0.0","T","0","","","","<31",""
"-60.42","53.32","GOOSE A","8501900","1992-07-15","1992","07","15","","17.0","","6.5","","11.8","","6.2","","0.0","","0.0","T","0.0","","0.0","T","0","","8","","37",""
"-60.42","53.32","GOOSE A","8501900","1992-07-16","1992","07","16","","11.1","","6.2","","8.7","","9.3","","0.0","","0.4","","0.0","","0.4","","0","","36","","37",""
"-60.42","53.32","GOOSE A","8501900","1992-07-17","1992","07","17","","22.8","","5.4","","14.1","","3.9","","0.0","","0.0","","0.0","","0.0","","0","","","","<31",""
"-60.42","53.32","GOOSE A","8501900","1992-07-18","1992","07","18","","19.4","","8.1","","13.8","","4.2","","0.0","","5.8","","0.0","","5.8","","0","","18","","35",""
"-60.42","53.32","GOOSE A","8501900","1992-07-19","1992","07","19","","20.0","","10.0","","15.0","","3.0","","0.0","","10.2","","0.0","","10.2","","0","","27","","46",""
"-60.42","53.32","GOOSE A","8501900","1992-07-20","1992","07","20","","23.6","","10.5","","17.1","","0.9","","0.0","","0.0","","0.0","","0.0","","0","","","","<31",""
"-60.42","53.32","GOOSE A","8501900","1992-07-21","1992","07","21","","18.4","","7.2","","12.8","","5.2","","0.0","","11.5","","0.0","","11.5","","0","","20","","44",""
"-60.42","53.32","GOOSE A","8501900","1992-07-22","1992","07","22","","19.0","","5.8","","12.4","","5.6","","0.0","","0.2","","0.0","","0.2","","0","","27","","41",""
"-60.42","53.32","GOOSE A","8501900","1992-07-23","1992","07","23","","18.4","","5.8","","12.1","","5.9","","0.0","","0.4","","0.0","","0.4","","0","","27","","48",""
"-60.42","53.32","GOOSE A","8501900","1992-07-24","1992","07","24","","16.9","","5.0","","11.0","","7.0","","0.0","","6.0","","0.0","","6.0","","0","","15","","37",""
"-60.42","53.32","GOOSE A","8501900","1992-07-25","1992","07","25","","21.0","","9.4","","15.2","","2.8","","0.0","","2.8","","0.0","","2.8","","0","","31","","37",""
"-60.42","53.32","GOOSE A","8501900","1992-07-26","1992","07","26","","15.7","","8.0","","11.9","","6.1","","0.0","","0.0","T","0.0","","0.0","T","0","","33","","37",""
"-60.42","53.32","GOOSE A","8501900","1992-07-27","1992","07","27","","21.1","","5.5","","13.3","","4.7","","0.0","","0.8","","0.0","","0.8","","0","","","","<31",""
"-60.42","53.32","GOOSE A","8501900","1992-07-28","1992","07","28","","14.5","","10.9","","12.7","","5.3","","0.0","","29.6","","0.0","","29.6","","0","","","","<31",""
"-60.42","53.32","GOOSE A","8501900","1992-07-29","1992","07","29","","14.1","","7.3","","10.7","","7.3","","0.0","","7.0","","0.0","","7.0","","0","","","","<31",""
"-60.42","53.32","GOOSE A","8501900","1992-07-30","1992","07","30","","12.3","","6.5","","9.4","","8.6","","0.0","","9.0","","0.0","","9.0","","0","","","","<31",""
"-60.42","53.32","GOOSE A","8501900","1992-07-31","1992","07","31","","15.2","","5.8","","10.5","","7.5","","0.0","","5.4","","0.0","","5.4","","0","","","","<31",""
"-60.42","53.32","GOOSE A","8501900","1992-08-01","1992","08","01","","21.6","","7.2","","14.4","","3.6","","0.0","","0.0","","0.0","","0.0","","0","","","","<31",""
"-60.42","53.32","GOOSE A","8501900","1992-08-02","1992","08","02","","18.6","","7.5","","13.1","","4.9","","0.0","","0.0","","0.0","","0.0","","0","","5","","35",""
"-60.42","53.32","GOOSE A","8501900","1992-08-03","1992","08","03","","24.1","","6.6","","15.4","","2.6","","0.0","","0.0","T","0.0","","0.0","T","0","","29","","37",""
"-60.42","53.32","GOOSE A","8501900","1992-08-04","1992","08","04","","22.8","","7.8","","15.3","","2.7","","0.0","","0.0","","0.0","","0.0","","0","","","","<31",""
"-60.42","53.32","GOOSE A","8501900","1992-08-05","1992","08","05","","15.1","","12.8","","14.0","","4.0","","0.0","","18.2","","0.0","","18.2","","0","","7","","43",""
"-60.42","53.32","GOOSE A","8501900","1992-08-06","1992","08","06","","18.8","","9.3","","14.1","","3.9","","0.0","","5.8","","0.0","","5.8","","0","","24","","33",""
"-60.42","53.32","GOOSE A","8501900","1992-08-07","1992","08","07","","26.0","","9.6","","17.8","","0.2","","0.0","","0.6","","0.0","","0.6","","0","","29","","44",""
"-60.42","53.32","GOOSE A","8501900","1992-08-08","1992","08","08","","24.7","","12.2","","18.5","","0.0","","0.5","","0.0","","0.0","","0.0","","0","","28","","32",""
"-60.42","53.32","GOOSE A","8501900","1992-08-09","1992","08","09","","29.4","","11.7","","20.6","","0.0","","2.6","","0.6","","0.0","","0.6","","0","","26","","50",""
"-60.42","53.32","GOOSE A","8501900","1992-08-10","1992","08","10","","18.2","","10.1","","14.2","","3.8","","0.0","","0.8","","0.0","","0.8","","0","","","","<31",""
"-60.42","53.32","GOOSE A","8501900","1992-08-11","1992","08","11","","12.2","","6.6","","9.4","","8.6","","0.0","","25.0","","0.0","","25.0","","0","","","","<31",""
"-60.42","53.32","GOOSE A","8501900","1992-08-12","1992","08","12","","12.2","","5.7","","9.0","","9.0","","0.0","","2.6","","0.0","","2.6","","0","","","","<31",""
"-60.42","53.32","GOOSE A","8501900","1992-08-13","1992","08","13","","18.9","","6.0","","12.5","","5.5","","0.0","","1.0","","0.0","","1.0","","0","","29","","50",""
"-60.42","53.32","GOOSE A","8501900","1992-08-14","1992","08","14","","20.8","","8.0","","14.4","","3.6","","0.0","","0.0","T","0.0","","0.0","T","0","","30","","41",""
"-60.42","53.32","GOOSE A","8501900","1992-08-15","1992","08","15","","22.6","","10.2","","16.4","","1.6","","0.0","","0.0","","0.0","","0.0","","0","","","","<31",""
"-60.42","53.32","GOOSE A","8501900","1992-08-16","1992","08","16","","27.4","","10.6","","19.0","","0.0","","1.0","","0.0","","0.0","","0.0","","0","","27","","59",""
"-60.42","53.32","GOOSE A","8501900","1992-08-17","1992","08","17","","27.9","","15.1","","21.5","","0.0","","3.5","","0.0","","0.0","","0.0","","0","","28","","61",""
"-60.42","53.32","GOOSE A","8501900","1992-08-18","1992","08","18","","29.0","","12.7","","20.9","","0.0","","2.9","","0.0","","0.0","","0.0","","0","","27","","44",""
"-60.42","53.32","GOOSE A","8501900","1992-08-19","1992","08","19","","14.1","","7.9","","11.0","","7.0","","0.0","","7.3","","0.0","","7.3","","0","","","","<31",""
"-60.42","53.32","GOOSE A","8501900","1992-08-20","1992","08","20","","10.7","","7.8","","9.3","","8.7","","0.0","","13.3","","0.0","","13.3","","0","","7","","37",""
"-60.42","53.32","GOOSE A","8501900","1992-08-21","1992","08","21","","11.9","","7.0","","9.5","","8.5","","0.0","","3.0","","0.0","","3.0","","0","","","","<31",""
"-60.42","53.32","GOOSE A","8501900","1992-08-22","1992","08","22","","16.2","","5.6","","10.9","","7.1","","0.0","","0.4","","0.0","","0.4","","0","","36","","39",""
"-60.42","53.32","GOOSE A","8501900","1992-08-23","1992","08","23","","14.0","","4.0","","9.0","","9.0","","0.0","","0.6","","0.0","","0.6","","0","","23","","33",""
"-60.42","53.32","GOOSE A","8501900","1992-08-24","1992","08","24","","17.2","","6.9","","12.1","","5.9","","0.0","","0.0","","0.0","","0.0","","0","","31","","41",""
"-60.42","53.32","GOOSE A","8501900","1992-08-25","1992","08","25","","15.7","","4.0","","9.9","","8.1","","0.0","","0.0","","0.0","","0.0","","0","","","","<31",""
"-60.42","53.32","GOOSE A","8501900","1992-08-26","1992","08","26","","19.4","","2.1","","10.8","","7.2","","0.0","","8.4","","0.0","","8.4","","0","","","","<31",""
"-60.42","53.32","GOOSE A","8501900","1992-08-27","1992","08","27","","14.4","","4.3","","9.4","","8.6","","0.0","","5.0","","0.0","","5.0","","0","","3","","33",""
"-60.42","53.32","GOOSE A","8501900","1992-08-28","1992","08","28","","15.8","","4.0","","9.9","","8.1","","0.0","","0.0","","0.0","","0.0","","0","","","","<31",""
"-60.42","53.32","GOOSE A","8501900","1992-08-29","1992","08","29","","16.5","","5.2","","10.9","","7.1","","0.0","","5.8","","0.0","","5.8","","0","","8","","37",""
"-60.42","53.32","GOOSE A","8501900","1992-08-30","1992","08","30","","9.7","","5.6","","7.7","","10.3","","0.0","","13.8","","0.0","","13.8","","0","","7","","43",""
"-60.42","53.32","GOOSE A","8501900","1992-08-31","1992","08","31","","8.2","","5.2","","6.7","","11.3","","0.0","","13.4","","0.0","","13.4","","0","","8","","33",""
"-60.42","53.32","GOOSE A","8501900","1992-09-01","1992","09","01","","8.9","","5.9","","7.4","","10.6","","0.0","","2.4","","0.0","","2.4","","0","","6","","46",""
"-60.42","53.32","GOOSE A","8501900","1992-09-02","1992","09","02","","11.5","","5.0","","8.3","","9.7","","0.0","","2.7","","0.0","","2.7","","0","","6","","37",""
"-60.42","53.32","GOOSE A","8501900","1992-09-03","1992","09","03","","11.5","","1.2","","6.4","","11.6","","0.0","","0.0","","0.0","","0.0","","0","","","","<31",""
"-60.42","53.32","GOOSE A","8501900","1992-09-04","1992","09","04","","16.1","","2.0","","9.1","","8.9","","0.0","","0.8","","0.0","","0.8","","0","","","","<31",""
"-60.42","53.32","GOOSE A","8501900","1992-09-05","1992","09","05","","18.6","","8.5","","13.6","","4.4","","0.0","","0.2","","0.0","","0.2","","0","","24","","32",""
"-60.42","53.32","GOOSE A","8501900","1992-09-06","1992","09","06","","27.3","","10.2","","18.8","","0.0","","0.8","","0.0","T","0.0","","0.0","T","0","","25","","57",""
"-60.42","53.32","GOOSE A","8501900","1992-09-07","1992","09","07","","19.7","","7.0","","13.4","","4.6","","0.0","","1.6","","0.0","","1.6","","0","","","","<31",""
"-60.42","53.32","GOOSE A","8501900","1992-09-08","1992","09","08","","14.4","","7.5","","11.0","","7.0","","0.0","","0.2","","0.0","","0.2","","0","","","","<31",""
"-60.42","53.32","GOOSE A","8501900","1992-09-09","1992","09","09","","20.5","","7.4","","14.0","","4.0","","0.0","","8.6","","0.0","","8.6","","0","","","","<31",""
"-60.42","53.32","GOOSE A","8501900","1992-09-10","1992","09","10","","20.4","","7.3","","13.9","","4.1","","0.0","","0.6","","0.0","","0.6","","0","","28","","33",""
"-60.42","53.32","GOOSE A","8501900","1992-09-11","1992","09","11","","21.0","","6.5","","13.8","","4.2","","0.0","","6.1","","0.0","","6.1","","0","","27","","54",""
"-60.42","53.32","GOOSE A","8501900","1992-09-12","1992","09","12","","13.8","","5.3","","9.6","","8.4","","0.0","","0.8","","0.0","","0.8","","0","","","","<31",""
"-60.42","53.32","GOOSE A","8501900","1992-09-13","1992","09","13","","16.0","","6.5","","11.3","","6.7","","0.0","","2.3","","0.0","","2.3","","0","","","","<31",""
"-60.42","53.32","GOOSE A","8501900","1992-09-14","1992","09","14","","15.7","","6.8","","11.3","","6.7","","0.0","","0.0","T","0.0","","0.0","T","0","","","","<31",""
"-60.42","53.32","GOOSE A","8501900","1992-09-15","1992","09","15","","22.3","","8.3","","15.3","","2.7","","0.0","","4.0","","0.0","","4.0","","0","","32","","80",""
"-60.42","53.32","GOOSE A","8501900","1992-09-16","1992","09","16","","14.7","","2.2","","8.5","","9.5","","0.0","","1.0","","0.0","","1.0","","0","","32","","63",""
"-60.42","53.32","GOOSE A","8501900","1992-09-17","1992","09","17","","10.0","","2.5","","6.3","","11.7","","0.0","","0.4","","0.0","","0.4","","0","","","","<31",""
"-60.42","53.32","GOOSE A","8501900","1992-09-18","1992","09","18","","17.6","","6.7","","12.2","","5.8","","0.0","","0.0","","0.0","","0.0","","0","","27","","35",""
"-60.42","53.32","GOOSE A","8501900","1992-09-19","1992","09","19","","19.9","","5.6","","12.8","","5.2","","0.0","","0.8","","0.0","","0.8","","0","","19","","57",""
"-60.42","53.32","GOOSE A","8501900","1992-09-20","1992","09","20","","12.1","","3.3","","7.7","","10.3","","0.0","","0.0","T","0.0","T","0.0","T","0","","26","","56",""
"-60.42","53.32","GOOSE A","8501900","1992-09-21","1992","09","21","","18.7","","3.0","","10.9","","7.1","","0.0","","0.0","","0.0","","0.0","","0","","26","","52",""
"-60.42","53.32","GOOSE A","8501900","1992-09-22","1992","09","22","","17.4","","7.9","","12.7","","5.3","","0.0","","0.4","","0.0","","0.4","","0","","21","","65",""
"-60.42","53.32","GOOSE A","8501900","1992-09-23","1992","09","23","","15.8","","1.9","","8.9","","9.1","","0.0","","8.5","","0.0","","8.5","","0","","30","","63",""
"-60.42","53.32","GOOSE A","8501900","1992-09-24","1992","09","24","","8.7","","0.9","","4.8","","13.2","","0.0","","0.0","","0.0","","0.0","","0","","27","","48",""
"-60.42","53.32","GOOSE A","8501900","1992-09-25","1992","09","25","","14.4","","0.6","","7.5","","10.5","","0.0","","0.4","","0.0","","0.4","","0","","28","","35",""
"-60.42","53.32","GOOSE A","8501900","1992-09-26","1992","09","26","","23.5","","7.5","","15.5","","2.5","","0.0","","0.0","","0.0","","0.0","","0","","27","","41",""
"-60.42","53.32","GOOSE A","8501900","1992-09-27","1992","09","27","","16.7","","3.8","","10.3","","7.7","","0.0","","0.0","","0.0","","0.0","","0","","","","<31",""
"-60.42","53.32","GOOSE A","8501900","1992-09-28","1992","09","28","","15.3","","2.5","","8.9","","9.1","","0.0","","3.1","","0.0","","3.1","","0","","30","","48",""
"-60.42","53.32","GOOSE A","8501900","1992-09-29","1992","09","29","","13.5","","4.1","","8.8","","9.2","","0.0","","1.2","","0.0","","1.2","","0","","6","","35",""
"-60.42","53.32","GOOSE A","8501900","1992-09-30","1992","09","30","","4.7","","1.5","","3.1","","14.9","","0.0","","14.8","","0.0","T","14.8","","0","","","","<31",""
"-60.42","53.32","GOOSE A","8501900","1992-10-01","1992","10","01","","6.1","","1.2","","3.7","","14.3","","0.0","","5.0","","0.0","T","5.0","","0","","","","<31",""
"-60.42","53.32","GOOSE A","8501900","1992-10-02","1992","10","02","","6.6","","2.6","","4.6","","13.4","","0.0","","3.8","","0.0","","3.8","","0","","","","<31",""
"-60.42","53.32","GOOSE A","8501900","1992-10-03","1992","10","03","","7.8","","1.1","","4.5","","13.5","","0.0","","2.0","","0.0","","2.0","","0","","","","<31",""
"-60.42","53.32","GOOSE A","8501900","1992-10-04","1992","10","04","","5.3","","1.4","","3.4","","14.6","","0.0","","1.0","","0.0","T","1.0","","0","","35","","33",""
"-60.42","53.32","GOOSE A","8501900","1992-10-05","1992","10","05","","6.6","","1.6","","4.1","","13.9","","0.0","","0.2","","0.0","","0.2","","0","","","","<31",""
"-60.42","53.32","GOOSE A","8501900","1992-10-06","1992","10","06","","4.0","","-3.6","","0.2","","17.8","","0.0","","0.0","","0.0","","0.0","","0","","","","<31",""
"-60.42","53.32","GOOSE A","8501900","1992-10-07","1992","10","07","","11.2","","-3.7","","3.8","","14.2","","0.0","","0.0","T","0.0","","0.0","T","0","","36","","41",""
"-60.42","53.32","GOOSE A","8501900","1992-10-08","1992","10","08","","6.2","","-3.1","","1.6","","16.4","","0.0","","0.0","","0.0","","0.0","","0","","3","","37",""
"-60.42","53.32","GOOSE A","8501900","1992-10-09","1992","10","09","","5.3","","-3.3","","1.0","","17.0","","0.0","","0.0","","0.0","","0.0","","0","","","","<31",""
"-60.42","53.32","GOOSE A","8501900","1992-10-10","1992","10","10","","6.4","","-1.8","","2.3","","15.7","","0.0","","3.4","","0.0","","3.4","","0","","","","<31",""
"-60.42","53.32","GOOSE A","8501900","1992-10-11","1992","10","11","","10.8","","3.4","","7.1","","10.9","","0.0","","7.8","","0.0","","7.8","","0","","","","<31",""
"-60.42","53.32","GOOSE A","8501900","1992-10-12","1992","10","12","","15.6","","7.8","","11.7","","6.3","","0.0","","7.2","","0.0","","7.2","","0","","17","","48",""
"-60.42","53.32","GOOSE A","8501900","1992-10-13","1992","10","13","","16.7","","8.8","","12.8","","5.2","","0.0","","0.0","T","0.0","","0.0","T","0","","18","","41",""
"-60.42","53.32","GOOSE A","8501900","1992-10-14","1992","10","14","","9.2","","3.2","","6.2","","11.8","","0.0","","7.0","","0.0","","7.0","","0","","34","","37",""
"-60.42","53.32","GOOSE A","8501900","1992-10-15","1992","10","15","","5.3","","3.0","","4.2","","13.8","","0.0","","9.4","","0.0","","9.4","","0","","34","","33",""
"-60.42","53.32","GOOSE A","8501900","1992-10-16","1992","10","16","","6.4","","3.5","","5.0","","13.0","","0.0","","1.4","","0.0","T","1.4","","0","","","","<31",""
"-60.42","53.32","GOOSE A","8501900","1992-10-17","1992","10","17","","5.6","","2.2","","3.9","","14.1","","0.0","","3.4","","0.0","","3.4","","0","","25","","35",""
"-60.42","53.32","GOOSE A","8501900","1992-10-18","1992","10","18","","4.0","","-1.2","","1.4","","16.6","","0.0","","0.0","","0.0","","0.0","","0","","24","","56",""
"-60.42","53.32","GOOSE A","8501900","1992-10-19","1992","10","19","","3.6","","-5.2","","-0.8","","18.8","","0.0","","0.0","","8.4","","8.2","","0","","3","","32",""
"-60.42","53.32","GOOSE A","8501900","1992-10-20","1992","10","20","","-0.1","","-3.5","","-1.8","","19.8","","0.0","","0.0","","4.2","","2.8","","8","","26","","37",""
"-60.42","53.32","GOOSE A","8501900","1992-10-21","1992","10","21","","0.0","","-7.1","","-3.6","","21.6","","0.0","","0.0","","0.0","","0.0","","12","","25","","39",""
"-60.42","53.32","GOOSE A","8501900","1992-10-22","1992","10","22","","3.6","","-7.2","","-1.8","","19.8","","0.0","","0.0","","0.0","","0.0","","8","","","","<31",""
"-60.42","53.32","GOOSE A","8501900","1992-10-23","1992","10","23","","4.8","","1.2","","3.0","","15.0","","0.0","","0.4","","0.0","T","0.4","","4","","24","","35",""
"-60.42","53.32","GOOSE A","8501900","1992-10-24","1992","10","24","","2.9","","0.3","","1.6","","16.4","","0.0","","5.5","","0.4","","5.5","","0","T","","","<31",""
"-60.42","53.32","GOOSE A","8501900","1992-10-25","1992","10","25","","2.3","","-0.6","","0.9","","17.1","","0.0","","0.0","T","2.2","","1.6","","1","","5","","33",""
"-60.42","53.32","GOOSE A","8501900","1992-10-26","1992","10","26","","4.8","","0.6","","2.7","","15.3","","0.0","","0.0","","1.0","","1.0","","0","T","","","<31",""
"-60.42","53.32","GOOSE A","8501900","1992-10-27","1992","10","27","","5.4","","3.3","","4.4","","13.6","","0.0","","3.0","","0.0","","3.0","","0","","6","","43",""
"-60.42","53.32","GOOSE A","8501900","1992-10-28","1992","10","28","","4.9","","3.1","","4.0","","14.0","","0.0","","3.8","","0.0","","3.8","","0","","","","<31",""
"-60.42","53.32","GOOSE A","8501900","1992-10-29","1992","10","29","","3.8","","0.2","","2.0","","16.0","","0.0","","0.0","T","0.0","T","0.0","T","0","","25","","41",""
"-60.42","53.32","GOOSE A","8501900","1992-10-30","1992","10","30","","2.6","","-0.1","","1.3","","16.7","","0.0","","0.0","","0.0","T","0.0","T","0","","26","","48",""
"-60.42","53.32","GOOSE A","8501900","1992-10-31","1992","10","31","","2.6","","-3.1","","-0.3","","18.3","","0.0","","0.0","","9.2","","8.2","","1","","","","<31",""
"-60.42","53.32","GOOSE A","8501900","1992-11-01","1992","11","01","","-2.6","","-6.4","","-4.5","","22.5","","0.0","","0.0","","0.4","","0.2","","11","","","","<31",""
"-60.42","53.32","GOOSE A","8501900","1992-11-02","1992","11","02","","-0.2","","-9.1","","-4.7","","22.7","","0.0","","0.0","","0.0","T","0.0","T","11","","","","<31",""
"-60.42","53.32","GOOSE A","8501900","1992-11-03","1992","11","03","","-0.6","","-10.8","","-5.7","","23.7","","0.0","","0.0","","0.0","","0.0","","10","","","","<31",""
"-60.42","53.32","GOOSE A","8501900","1992-11-04","1992","11","04","","1.4","","-8.4","","-3.5","","21.5","","0.0","","0.0","T","0.4","","0.0","T","9","","","","<31",""
"-60.42","53.32","GOOSE A","8501900","1992-11-05","1992","11","05","","3.4","","-0.5","","1.5","","16.5","","0.0","","1.9","","2.4","","6.5","","9","","","","<31",""
"-60.42","53.32","GOOSE A","8501900","1992-11-06","1992","11","06","","0.7","","-12.9","","-6.1","","24.1","","0.0","","0.0","","2.3","","1.9","","4","","35","","44",""
"-60.42","53.32","GOOSE A","8501900","1992-11-07","1992","11","07","","-6.4","","-13.6","","-10.0","","28.0","","0.0","","0.0","","0.0","","0.0","","5","","26","","56",""
"-60.42","53.32","GOOSE A","8501900","1992-11-08","1992","11","08","","0.5","","-6.9","","-3.2","","21.2","","0.0","","0.0","","0.0","T","0.0","T","5","","26","","74",""
"-60.42","53.32","GOOSE A","8501900","1992-11-09","1992","11","09","","-1.3","","-7.3","","-4.3","","22.3","","0.0","","0.0","","0.0","","0.0","","5","","26","","35",""
"-60.42","53.32","GOOSE A","8501900","1992-11-10","1992","11","10","","-0.4","","-8.8","","-4.6","","22.6","","0.0","","0.0","","0.0","","0.0","","4","","26","","44",""
"-60.42","53.32","GOOSE A","8501900","1992-11-11","1992","11","11","","1.1","","-0.6","","0.3","","17.7","","0.0","","0.0","","2.6","","2.1","","3","","22","","35",""
"-60.42","53.32","GOOSE A","8501900","1992-11-12","1992","11","12","","3.4","","-1.1","","1.2","","16.8","","0.0","","0.0","","0.0","","0.0","","6","","27","","41",""
"-60.42","53.32","GOOSE A","8501900","1992-11-13","1992","11","13","","5.1","","-1.5","","1.8","","16.2","","0.0","","1.4","","7.0","","8.4","","3","","16","","37",""
"-60.42","53.32","GOOSE A","8501900","1992-11-14","1992","11","14","","3.4","","-2.6","","0.4","","17.6","","0.0","","0.0","","0.4","","0.4","","5","","25","","85",""
"-60.42","53.32","GOOSE A","8501900","1992-11-15","1992","11","15","","-1.5","","-12.3","","-6.9","","24.9","","0.0","","0.0","","0.0","","0.0","","4","","27","","50",""
"-60.42","53.32","GOOSE A","8501900","1992-11-16","1992","11","16","","-6.4","","-15.2","","-10.8","","28.8","","0.0","","0.0","","0.0","","0.0","","0","","","","<31",""
"-60.42","53.32","GOOSE A","8501900","1992-11-17","1992","11","17","","-7.9","","-16.1","","-12.0","","30.0","","0.0","","0.0","","0.0","T","0.0","T","2","","26","","44",""
"-60.42","53.32","GOOSE A","8501900","1992-11-18","1992","11","18","","-7.1","","-18.3","","-12.7","","30.7","","0.0","","0.0","","0.0","T","0.0","T","2","","30","","61",""
"-60.42","53.32","GOOSE A","8501900","1992-11-19","1992","11","19","","-8.6","","-20.5","","-14.6","","32.6","","0.0","","0.0","","0.0","T","0.0","T","2","","27","","32",""
"-60.42","53.32","GOOSE A","8501900","1992-11-20","1992","11","20","","-6.8","","-16.7","","-11.8","","29.8","","0.0","","0.0","","0.0","T","0.0","T","2","","31","","50",""
"-60.42","53.32","GOOSE A","8501900","1992-11-21","1992","11","21","","-11.1","","-20.1","","-15.6","","33.6","","0.0","","0.0","","0.0","","0.0","","1","","","","<31",""
"-60.42","53.32","GOOSE A","8501900","1992-11-22","1992","11","22","","-10.9","","-20.0","","-15.5","","33.5","","0.0","","0.0","","0.0","T","0.0","T","1","","","","<31",""
"-60.42","53.32","GOOSE A","8501900","1992-11-23","1992","11","23","","-9.8","","-18.3","","-14.1","","32.1","","0.0","","0.0","","0.0","","0.0","","1","","","","<31",""
"-60.42","53.32","GOOSE A","8501900","1992-11-24","1992","11","24","","-7.3","","-19.3","","-13.3","","31.3","","0.0","","0.0","","0.0","","0.0","","1","","26","","43",""
"-60.42","53.32","GOOSE A","8501900","1992-11-25","1992","11","25","","-6.1","","-11.8","","-9.0","","27.0","","0.0","","0.0","","0.0","","0.0","","1","","27","","33",""
"-60.42","53.32","GOOSE A","8501900","1992-11-26","1992","11","26","","0.1","","-13.7","","-6.8","","24.8","","0.0","","0.0","","0.0","T","0.0","T","1","","26","","46",""
"-60.42","53.32","GOOSE A","8501900","1992-11-27","1992","11","27","","-1.6","","-14.4","","-8.0","","26.0","","0.0","","0.0","","0.0","","0.0","","1","","27","","46",""
"-60.42","53.32","GOOSE A","8501900","1992-11-28","1992","11","28","","-7.3","","-15.4","","-11.4","","29.4","","0.0","","0.0","","0.0","","0.0","","1","","27","","48",""
"-60.42","53.32","GOOSE A","8501900","1992-11-29","1992","11","29","","-1.3","","-10.3","","-5.8","","23.8","","0.0","","0.0","","0.0","T","0.0","T","1","","27","","32",""
"-60.42","53.32","GOOSE A","8501900","1992-11-30","1992","11","30","","-4.5","","-19.8","","-12.2","","30.2","","0.0","","0.0","","0.0","","0.0","","1","","","","<31",""
"-60.42","53.32","GOOSE A","8501900","1992-12-01","1992","12","01","","-15.6","","-21.0","","-18.3","","36.3","","0.0","","0.0","","0.0","","0.0","","1","","26","","33",""
"-60.42","53.32","GOOSE A","8501900","1992-12-02","1992","12","02","","-5.8","","-17.7","","-11.8","","29.8","","0.0","","0.0","","0.0","","0.0","","1","","24","","32",""
"-60.42","53.32","GOOSE A","8501900","1992-12-03","1992","12","03","","","","","","","","","","","","","","","","","","","","","","",""
"-60.42","53.32","GOOSE A","8501900","1992-12-04","1992","12","04","","","","","","","","","","","","","","","","","","","","","","",""
"-60.42","53.32","GOOSE A","8501900","1992-12-05","1992","12","05","","","","","","","","","","","","","","","","","","","","","","",""
"-60.42","53.32","GOOSE A","8501900","1992-12-06","1992","12","06","","-3.3","","-6.2","","-4.8","","22.8","","0.0","","0.0","","6.5","","4.8","","9","","34","","61",""
"-60.42","53.32","GOOSE A","8501900","1992-12-07","1992","12","07","","-2.9","","-9.8","","-6.4","","24.4","","0.0","","0.0","","2.6","","1.2","","13","","34","","54",""
"-60.42","53.32","GOOSE A","8501900","1992-12-08","1992","12","08","","-7.8","","-14.4","","-11.1","","29.1","","0.0","","0.0","","4.8","","2.2","","17","","29","","41",""
"-60.42","53.32","GOOSE A","8501900","1992-12-09","1992","12","09","","-13.9","","-23.2","","-18.6","","36.6","","0.0","","0.0","","0.0","","0.0","","20","","","M","<31",""
"-60.42","53.32","GOOSE A","8501900","1992-12-10","1992","12","10","","-14.0","","-24.6","","-19.3","","37.3","","0.0","","0.0","","0.0","","0.0","","14","","","M","<31",""
"-60.42","53.32","GOOSE A","8501900","1992-12-11","1992","12","11","","-6.0","","-14.6","","-10.3","","28.3","","0.0","","0.0","","0.0","","0.0","","10","","","M","<31",""
"-60.42","53.32","GOOSE A","8501900","1992-12-12","1992","12","12","","-6.3","","-15.3","","-10.8","","28.8","","0.0","","0.0","","0.0","T","0.0","T","7","","","M","<31",""
"-60.42","53.32","GOOSE A","8501900","1992-12-13","1992","12","13","","-3.9","","-15.9","","-9.9","","27.9","","0.0","","0.0","","0.0","T","0.0","T","7","","26","","37",""
"-60.42","53.32","GOOSE A","8501900","1992-12-14","1992","12","14","","-4.1","","-8.4","","-6.3","","24.3","","0.0","","0.0","","4.9","","4.1","","7","","","M","<31",""
"-60.42","53.32","GOOSE A","8501900","1992-12-15","1992","12","15","","-6.2","","-20.1","","-13.2","","31.2","","0.0","","0.0","","0.0","T","0.0","T","11","","","M","<31",""
"-60.42","53.32","GOOSE A","8501900","1992-12-16","1992","12","16","","1.4","","-20.7","","-9.7","","27.7","","0.0","","0.0","","2.8","","1.8","","9","","21","","44",""
"-60.42","53.32","GOOSE A","8501900","1992-12-17","1992","12","17","","3.2","","-8.3","","-2.6","","20.6","","0.0","","0.0","T","0.0","T","0.0","T","10","","29","","54",""
"-60.42","53.32","GOOSE A","8501900","1992-12-18","1992","12","18","","-6.7","","-19.9","","-13.3","","31.3","","0.0","","0.0","","0.0","","0.0","","8","","","M","<31",""
"-60.42","53.32","GOOSE A","8501900","1992-12-19","1992","12","19","","-14.2","","-22.1","","-18.2","","36.2","","0.0","","0.0","","0.0","","0.0","","7","","26","","41",""
"-60.42","53.32","GOOSE A","8501900","1992-12-20","1992","12","20","","-6.2","","-15.0","","-10.6","","28.6","","0.0","","0.0","","6.6","","5.4","","7","","22","","33",""
"-60.42","53.32","GOOSE A","8501900","1992-12-21","1992","12","21","","-7.1","","-24.8","","-16.0","","34.0","","0.0","","0.0","","0.0","T","0.0","T","14","","30","","59",""
"-60.42","53.32","GOOSE A","8501900","1992-12-22","1992","12","22","","-17.7","","-24.9","","-21.3","","39.3","","0.0","","0.0","","0.2","","0.2","","10","","26","","43",""
"-60.42","53.32","GOOSE A","8501900","1992-12-23","1992","12","23","","-17.7","","-24.7","","-21.2","","39.2","","0.0","","0.0","","1.0","","0.2","","10","","","M","<31",""
"-60.42","53.32","GOOSE A","8501900","1992-12-24","1992","12","24","","-12.1","","-21.7","","-16.9","","34.9","","0.0","","0.0","","2.0","","1.2","","11","","30","","32",""
"-60.42","53.32","GOOSE A","8501900","1992-12-25","1992","12","25","","-21.2","","-30.2","","-25.7","","43.7","","0.0","","0.0","","0.0","T","0.0","T","12","","31","","39",""
"-60.42","53.32","GOOSE A","8501900","1992-12-26","1992","12","26","","-21.8","","-31.2","","-26.5","","44.5","","0.0","","0.0","","5.1","","2.9","","12","","","M","<31",""
"-60.42","53.32","GOOSE A","8501900","1992-12-27","1992","12","27","","-20.9","","-27.3","","-24.1","","42.1","","0.0","","0.0","","0.8","","0.2","","15","","28","","48",""
"-60.42","53.32","GOOSE A","8501900","1992-12-28","1992","12","28","","-16.3","","-27.9","","-22.1","","40.1","","0.0","","0.0","","0.2","","0.0","T","14","","26","","41",""
"-60.42","53.32","GOOSE A","8501900","1992-12-29","1992","12","29","","","","","","","","","","","","","","","","","","","","","","",""
"-60.42","53.32","GOOSE A","8501900","1992-12-30","1992","12","30","","-23.3","","-30.5","","-26.9","","44.9","","0.0","","0.0","","0.0","T","0.0","T","14","","26","","39",""
"-60.42","53.32","GOOSE A","8501900","1992-12-31","1992","12","31","","-18.9","","-26.6","","-22.8","","40.8","","0.0","","0.0","","0.0","T","0.0","T","13","","28","","44",""
